frame,nose_x,nose_y,left_eye_x,left_eye_y,right_eye_x,right_eye_y,left_ear_x,left_ear_y,right_ear_x,right_ear_y,left_shoulder_x,left_shoulder_y,right_shoulder_x,right_shoulder_y,left_elbow_x,left_elbow_y,right_elbow_x,right_elbow_y,left_wrist_x,left_wrist_y,right_wrist_x,right_wrist_y,left_hip_x,left_hip_y,right_hip_x,right_hip_y,left_knee_x,left_knee_y,right_knee_x,right_knee_y,left_ankle_x,left_ankle_y,right_ankle_x,right_ankle_y,neck_x,neck_y
0,0.318680077791214,0.5082959532737732,0.3065180778503418,0.5134693384170532,0.3078920543193817,0.4985692501068115,0.31921783089637756,0.5220037698745728,0.32108834385871887,0.482605904340744,0.41125360131263733,0.5398276448249817,0.4117159843444824,0.46482938528060913,0.5217742919921875,0.5521517992019653,0.5203852653503418,0.4621460735797882,0.6126266121864319,0.5558279156684875,0.6194869875907898,0.4622349441051483,0.6198908090591431,0.530571460723877,0.6196573972702026,0.48466867208480835,0.7667955160140991,0.5268548130989075,0.7659093141555786,0.49293404817581177,0.9073663353919983,0.5233579874038696,0.9076393246650696,0.4999445378780365,0.41199713945388794,0.5031217932701111
1,0.3176531195640564,0.5091565251350403,0.3055477440357208,0.5139901041984558,0.30713483691215515,0.4992399513721466,0.318324476480484,0.5220162272453308,0.32131725549697876,0.4828597903251648,0.41141074895858765,0.5397139191627502,0.412086546421051,0.46466368436813354,0.5215193033218384,0.5539438724517822,0.5209805369377136,0.4618139863014221,0.6118090748786926,0.5605345368385315,0.6193914413452148,0.46161752939224243,0.6195301413536072,0.5314140319824219,0.6199374198913574,0.4853205382823944,0.766171932220459,0.5268898606300354,0.7655395269393921,0.49282094836235046,0.9072785377502441,0.522940456867218,0.9074919819831848,0.4999052882194519,0.41228970885276794,0.5030578374862671
2,0.31722670793533325,0.5104599595069885,0.3051564693450928,0.5149320363998413,0.3067602515220642,0.5004199743270874,0.3178158700466156,0.5223737955093384,0.321476012468338,0.4832761585712433,0.4113089144229889,0.5392494797706604,0.41233617067337036,0.46476346254348755,0.5186547040939331,0.5562934279441833,0.5216642022132874,0.46225279569625854,0.6032407879829407,0.5684577226638794,0.6199331283569336,0.4624173641204834,0.6179250478744507,0.532558023929596,0.6189892888069153,0.48600679636001587,0.7659754157066345,0.5276327729225159,0.7652336955070496,0.4934678375720978,0.9076752066612244,0.5231434106826782,0.9084649085998535,0.5000850558280945,0.41238880157470703,0.5030277371406555
3,0.31548872590065,0.512820303440094,0.3032984435558319,0.5165721774101257,0.305132657289505,0.5022827982902527,0.3160564601421356,0.5224961638450623,0.3208799362182617,0.48380500078201294,0.40992429852485657,0.5385312438011169,0.4126744568347931,0.4641338288784027,0.5143011212348938,0.5579632520675659,0.5216177105903625,0.4617545008659363,0.6001366376876831,0.5741997361183167,0.619590163230896,0.4628562331199646,0.6165116429328918,0.5322557687759399,0.6180400252342224,0.48533129692077637,0.7668150067329407,0.5277945399284363,0.7657333016395569,0.49396562576293945,0.9076756834983826,0.5234249830245972,0.9088045954704285,0.5001962780952454,0.4121420383453369,0.5025498270988464
4,0.3153553605079651,0.5138305425643921,0.30325964093208313,0.5172334909439087,0.304959774017334,0.5030755996704102,,,0.3205750286579132,0.48365887999534607,0.4094218313694,0.5381661653518677,0.41314753890037537,0.4631408154964447,0.5094821453094482,0.5600773096084595,0.5216131806373596,0.4611227214336395,0.5915641784667969,0.5822380781173706,0.619555652141571,0.4625392258167267,0.6156647801399231,0.5321370363235474,0.6167616248130798,0.4848097860813141,0.7656348943710327,0.5281404852867126,0.7643328905105591,0.49509066343307495,0.9074588418006897,0.5234111547470093,0.9086765050888062,0.5003113746643066,0.41228359937667847,0.501854419708252
5,0.3153873085975647,0.5144899487495422,0.3037014603614807,0.5177448391914368,0.30504247546195984,0.5037635564804077,,,0.3202781677246094,0.4838081896305084,0.40929388999938965,0.5378703474998474,0.4131854474544525,0.4627058506011963,0.5058237314224243,0.5629940629005432,0.5218999981880188,0.4609068036079407,0.5837368965148926,0.5919610857963562,0.6205330491065979,0.4627103805541992,0.6154274940490723,0.5306897759437561,0.6162333488464355,0.4832473695278168,0.7647722959518433,0.5281540751457214,0.7630337476730347,0.4952891170978546,0.907744824886322,0.5229268670082092,0.9090560078620911,0.5002450942993164,0.4123404026031494,0.5013335347175598
6,0.316287100315094,0.5150840878486633,0.3047836422920227,0.5179831981658936,0.3059162199497223,0.5044386386871338,,,0.32021448016166687,0.48401400446891785,0.4083399176597595,0.5379261374473572,0.4129054546356201,0.4619480073451996,0.49744877219200134,0.5662305951118469,0.5208235383033752,0.4600594937801361,0.5696998834609985,0.6026614904403687,0.6197142004966736,0.46240586042404175,0.613838255405426,0.5296486020088196,0.6145345568656921,0.48157817125320435,0.7636426687240601,0.5275624990463257,0.7617479562759399,0.49498239159584045,0.9078242182731628,0.5227090120315552,0.9091814756393433,0.5002103447914124,0.411851704120636,0.5007716417312622
7,0.31642404198646545,0.5156590342521667,0.3049461543560028,0.5183269381523132,0.30602502822875977,0.5049692392349243,,,0.3198906481266022,0.484235018491745,0.407632052898407,0.5376383662223816,0.41247203946113586,0.4613300859928131,0.49156150221824646,0.5701192021369934,0.5195395350456238,0.45884236693382263,0.5562360882759094,0.6131353974342346,0.6194319128990173,0.4616524279117584,0.6119388341903687,0.5292406678199768,0.6131057143211365,0.48044905066490173,0.7624794244766235,0.5271002650260925,0.761050283908844,0.4942810535430908,0.9081198573112488,0.5227672457695007,0.9092994332313538,0.499509334564209,0.4115118086338043,0.5002728700637817
8,0.31589269638061523,0.5162854790687561,0.3043358027935028,0.518587052822113,0.3055603504180908,0.5052778720855713,,,0.3199974596500397,0.48412755131721497,0.40663591027259827,0.5376302003860474,0.4124002754688263,0.46158456802368164,0.485495001077652,0.5740700960159302,0.5187628865242004,0.4588574469089508,0.5421447157859802,0.6230177879333496,0.6195081472396851,0.46184271574020386,0.6115871667861938,0.5289896726608276,0.6129103899002075,0.4804946780204773,0.7620162963867188,0.5274141430854797,0.7604673504829407,0.494003027677536,0.9076412916183472,0.5228889584541321,0.9087616801261902,0.4993109107017517,0.4111572206020355,0.5004176497459412
9,0.31617313623428345,0.5168606042861938,0.304680198431015,0.5188360810279846,0.3059485852718353,0.5058730244636536,,,0.32028713822364807,0.4844341278076172,0.40463924407958984,0.5364094972610474,0.41230180859565735,0.461565762758255,0.47731703519821167,0.5741442441940308,0.518947958946228,0.45932143926620483,0.5177097916603088,0.6276084184646606,0.6203969120979309,0.4624952971935272,0.6110528111457825,0.5291957855224609,0.612176239490509,0.4814601242542267,0.7611031532287598,0.5272970199584961,0.7598596215248108,0.4938116669654846,0.9081388711929321,0.5228860974311829,0.9093481302261353,0.49931493401527405,0.4097427725791931,0.4997571110725403
10,0.31662464141845703,0.5168778300285339,0.30528751015663147,0.5190631747245789,0.3063480854034424,0.5059936046600342,,,0.3206644356250763,0.4845108091831207,0.40443339943885803,0.5364199876785278,0.41181036829948425,0.4615926444530487,0.46723681688308716,0.5804616212844849,0.5169976949691772,0.45935818552970886,0.4938490688800812,0.6334989666938782,0.6200509667396545,0.4624424874782562,0.6115099787712097,0.5291306376457214,0.6129267811775208,0.48137494921684265,0.7616110444068909,0.5271772146224976,0.7602362632751465,0.4931374192237854,0.9084537625312805,0.5227417349815369,0.9091647267341614,0.4992578625679016,0.40886667370796204,0.49979519844055176
11,0.31673935055732727,0.5178657174110413,0.305458128452301,0.5194182395935059,0.3066808581352234,0.506576418876648,,,0.3214511573314667,0.484690397977829,0.4028579592704773,0.5358443856239319,0.4114631712436676,0.46174225211143494,0.4596416652202606,0.5864264369010925,0.5169615149497986,0.4593125879764557,0.4739539623260498,0.6383137702941895,0.6199315190315247,0.46228817105293274,0.6110591292381287,0.5278481245040894,0.6124116778373718,0.48057490587234497,0.7617093920707703,0.5267043709754944,0.760364830493927,0.4923761188983917,0.9088664650917053,0.5227752327919006,0.9094758629798889,0.4992493689060211,0.40769198536872864,0.4999076724052429
12,0.3163658678531647,0.5176945328712463,0.305492103099823,0.519464910030365,0.3063444197177887,0.5067903995513916,,,0.32089272141456604,0.48517045378685,0.40389758348464966,0.5369833111763,0.41161292791366577,0.46185189485549927,0.447575181722641,0.5913211703300476,0.5194651484489441,0.4597170352935791,0.4513862431049347,0.6456851959228516,0.6204676032066345,0.4625425934791565,0.6134486794471741,0.5284361243247986,0.6146798729896545,0.4812553822994232,0.764087975025177,0.5267662405967712,0.7625404000282288,0.4919995665550232,0.9096066355705261,0.5225669741630554,0.9095820188522339,0.4993674159049988,0.40826985239982605,0.500146210193634
13,0.3168472945690155,0.5171858072280884,0.3060464560985565,0.5196880102157593,0.30669766664505005,0.5067108869552612,,,0.32094982266426086,0.48515695333480835,0.40290895104408264,0.5367528796195984,0.41141781210899353,0.4616038501262665,0.43628740310668945,0.5910200476646423,0.5191231966018677,0.45981696248054504,0.4317634701728821,0.6420244574546814,0.6195725202560425,0.4621841311454773,0.6134501695632935,0.5280401110649109,0.6147732138633728,0.4813115894794464,0.7638941407203674,0.5268836617469788,0.7625624537467957,0.49197667837142944,0.9098116755485535,0.5227261185646057,0.9097064733505249,0.4996870160102844,0.40786507725715637,0.49979498982429504
14,0.3165401518344879,0.5170295834541321,0.30595070123672485,0.5201179385185242,0.3062315285205841,0.5069708824157715,,,0.32009321451187134,0.4857952892780304,0.4036177098751068,0.5375708937644958,0.4112758934497833,0.4610973000526428,0.42761215567588806,0.5886513590812683,0.5184165239334106,0.4588612914085388,0.4119720160961151,0.6430292129516602,0.6195403337478638,0.4615701735019684,0.6140947341918945,0.527637779712677,0.6154789924621582,0.4808463156223297,0.7642373442649841,0.5269234776496887,0.7628956437110901,0.4919202923774719,0.9099270701408386,0.5225870013237,0.9097925424575806,0.49941807985305786,0.4081825911998749,0.4997207224369049
15,0.31587091088294983,0.517241358757019,0.30558833479881287,0.520532488822937,0.3058251440525055,0.5072532296180725,,,0.3198159337043762,0.4862089157104492,0.4031619429588318,0.5385137796401978,0.41072505712509155,0.4609625041484833,0.422040194272995,0.5887178182601929,0.5186163187026978,0.45841071009635925,0.395583838224411,0.639992892742157,0.6202091574668884,0.4608847498893738,0.6139464378356934,0.5278213620185852,0.6153646111488342,0.4805420935153961,0.7639756798744202,0.5269250273704529,0.7625969648361206,0.492105633020401,0.9127159118652344,0.5225948691368103,0.9098874926567078,0.4999025762081146,0.4075973927974701,0.4999023973941803
16,0.3149039149284363,0.5182793736457825,0.3048817217350006,0.5213317275047302,0.30513009428977966,0.5077871680259705,,,0.3197533190250397,0.486234575510025,0.4021889865398407,0.5394752621650696,0.4096638858318329,0.4611451029777527,0.4151729941368103,0.5908317565917969,0.5171159505844116,0.4582240879535675,0.38140028715133667,0.6406170725822449,0.620303750038147,0.4611377418041229,0.6143956184387207,0.5279277563095093,0.6155441403388977,0.48030900955200195,0.7647414803504944,0.5269848108291626,0.7630863189697266,0.4921053946018219,0.9130489230155945,0.5223267078399658,0.9101844429969788,0.4995019733905792,0.406633585691452,0.5006487369537354
17,0.31420496106147766,0.5186306834220886,0.3042713701725006,0.5216473340988159,0.3048080503940582,0.5079273581504822,,,0.31982502341270447,0.48636677861213684,0.4007910192012787,0.5401248335838318,0.40870732069015503,0.46172159910202026,0.41407445073127747,0.5894230604171753,0.5162591338157654,0.45825138688087463,0.36879634857177734,0.6355258226394653,0.6202509999275208,0.46130555868148804,0.6136302947998047,0.5283812284469604,0.6146081686019897,0.4802515208721161,0.7643804550170898,0.5270984768867493,0.7624874114990234,0.4920332431793213,0.9129144549369812,0.5223603844642639,0.9101025462150574,0.4993615448474884,0.40533336997032166,0.5012636184692383
18,0.31408241391181946,0.5188440084457397,0.3036174476146698,0.521830141544342,0.3049640953540802,0.5079874992370605,,,0.32038089632987976,0.486698716878891,0.39945703744888306,0.5408145785331726,0.40824684500694275,0.46219831705093384,0.41331276297569275,0.5887795090675354,0.5152629017829895,0.4581053555011749,0.3544752895832062,0.6314430236816406,0.6194761991500854,0.4610876739025116,0.6134096384048462,0.5288869142532349,0.6142739057540894,0.48059630393981934,0.7641191482543945,0.5270851254463196,0.7623739838600159,0.4920021593570709,0.9096728563308716,0.5224682092666626,0.9097910523414612,0.4994458556175232,0.4044072926044464,0.501970112323761
19,0.313597172498703,0.5192561745643616,0.3031678795814514,0.5220089554786682,0.30482715368270874,0.5084437131881714,,,0.32021331787109375,0.48727068305015564,0.39836031198501587,0.5411885976791382,0.4079096019268036,0.4626121520996094,0.4140135645866394,0.587939441204071,0.5158717036247253,0.4590587019920349,0.3509460985660553,0.6200329065322876,0.6209839582443237,0.46209806203842163,0.6121827960014343,0.5294581651687622,0.6126914024353027,0.48065853118896484,0.7629684805870056,0.5269250273704529,0.7611563801765442,0.49151378870010376,0.9089321494102478,0.5225867629051208,0.9092954397201538,0.4994127154350281,0.40357571840286255,0.502458930015564
20,0.3136393129825592,0.5189438462257385,0.3032098710536957,0.522221028804779,0.30498769879341125,0.5083006620407104,,,0.3201901316642761,0.48768073320388794,0.39681491255760193,0.5412083268165588,0.40763330459594727,0.4629412591457367,0.41269800066947937,0.5887143015861511,0.5151491761207581,0.45906201004981995,0.3446078300476074,0.6156098246574402,0.620405375957489,0.46211114525794983,0.6118640899658203,0.5295314192771912,0.6124756932258606,0.4808015823364258,0.7627564668655396,0.5269601941108704,0.761088490486145,0.4916306436061859,0.9088002443313599,0.5226101875305176,0.909076988697052,0.49939781427383423,0.4025166630744934,0.5027015805244446
21,0.31334179639816284,0.5193873047828674,0.30309364199638367,0.5225642323493958,0.30476823449134827,0.5088202357292175,,,0.3197806477546692,0.4884008467197418,0.39658644795417786,0.5406941771507263,0.40775343775749207,0.4635634124279022,0.4127693772315979,0.586776614189148,0.5156158804893494,0.4593520164489746,0.337724506855011,0.610774576663971,0.6206661462783813,0.46238255500793457,0.6107683181762695,0.529452919960022,0.6117409467697144,0.4810722768306732,0.7616828680038452,0.5268675684928894,0.7602596879005432,0.4919264018535614,0.9085394144058228,0.5226430296897888,0.9090431928634644,0.499471515417099,0.40247008204460144,0.5028818845748901
22,0.3132615089416504,0.5192518830299377,0.3029060959815979,0.5227149128913879,0.30417582392692566,0.508841335773468,,,0.31919822096824646,0.48848608136177063,0.39611583948135376,0.5404855012893677,0.40776824951171875,0.46395063400268555,0.41260555386543274,0.5846658945083618,0.5157107710838318,0.45896223187446594,0.3406613767147064,0.6034611463546753,0.6199339032173157,0.4622231423854828,0.6105457544326782,0.5294191837310791,0.611812949180603,0.48142507672309875,0.7614582777023315,0.5269153118133545,0.7602518796920776,0.49211934208869934,0.9086576700210571,0.5226379632949829,0.9091338515281677,0.4994754493236542,0.4021891951560974,0.5029261708259583
23,0.31293490529060364,0.5192767977714539,0.30269840359687805,0.5226055979728699,0.30388766527175903,0.5090274810791016,,,0.31876444816589355,0.48881736397743225,0.3960424065589905,0.5403002500534058,0.40766578912734985,0.4650890827178955,0.41264110803604126,0.5843878984451294,0.5161548852920532,0.45983678102493286,0.331682413816452,0.6025429368019104,0.6201035380363464,0.4626329839229584,0.6099409461021423,0.5294352769851685,0.6112743020057678,0.48183557391166687,0.7608208060264587,0.5270699262619019,0.7596703171730042,0.4923998713493347,0.9080852270126343,0.5226598381996155,0.9088615775108337,0.4994683861732483,0.40219631791114807,0.5031129717826843
24,0.3127882182598114,0.5193667411804199,0.30274391174316406,0.5224683880805969,0.3038291931152344,0.509022057056427,,,0.31871718168258667,0.4884830415248871,0.3960835337638855,0.5400840044021606,0.4075648784637451,0.46547242999076843,0.41266196966171265,0.5843125581741333,0.515968382358551,0.4602265954017639,0.3194877803325653,0.6009426116943359,0.6200934648513794,0.4622548222541809,0.609653115272522,0.5296598076820374,0.6109662055969238,0.48213550448417664,0.7607536315917969,0.5271404385566711,0.7595953941345215,0.4925086200237274,0.9082539677619934,0.5227051973342896,0.9091891646385193,0.49978581070899963,0.40221551060676575,0.5031876564025879
25,0.31297561526298523,0.5192055702209473,0.30288079380989075,0.5220792889595032,0.3041078448295593,0.5089341402053833,,,0.31913501024246216,0.48833441734313965,0.39599570631980896,0.5396090745925903,0.40787944197654724,0.4657760262489319,0.4115752577781677,0.5845338702201843,0.5160967111587524,0.46050718426704407,0.32142823934555054,0.5974160432815552,0.6200041770935059,0.46232256293296814,0.6097399592399597,0.5292896628379822,0.6110163927078247,0.4820655286312103,0.7608667612075806,0.5272358059883118,0.7597877383232117,0.49267715215682983,0.9081307649612427,0.5226711630821228,0.9092145562171936,0.49977585673332214,0.4022853374481201,0.5030406713485718
26,0.3129149079322815,0.5191539525985718,0.30278971791267395,0.5219470858573914,0.3041019141674042,0.5089248418807983,,,0.3193313479423523,0.4883198142051697,0.39619681239128113,0.5395499467849731,0.4079837501049042,0.46592840552330017,0.41069450974464417,0.5845115780830383,0.5162657499313354,0.46047836542129517,0.3210735023021698,0.5958648324012756,0.6203837394714355,0.462619811296463,0.6101515889167786,0.5290210843086243,0.6114503741264343,0.48209553956985474,0.7611127495765686,0.527148425579071,0.7600069642066956,0.49254849553108215,0.908202052116394,0.5226131081581116,0.9092221260070801,0.49971747398376465,0.40246909856796265,0.5030590295791626
27,0.31294575333595276,0.5192477703094482,0.3027753233909607,0.5220288634300232,0.3041146397590637,0.5089954733848572,,,0.3192960321903229,0.48837968707084656,0.3959621787071228,0.5398048758506775,0.40782928466796875,0.46617957949638367,0.4102403223514557,0.5850732922554016,0.5164151787757874,0.46076980233192444,0.3207693099975586,0.5954325795173645,0.6205248832702637,0.4628450870513916,0.610335648059845,0.5291991829872131,0.611531138420105,0.482235848903656,0.7610244154930115,0.5271813869476318,0.7598616480827332,0.49256664514541626,0.9080317616462708,0.5226036310195923,0.9090278744697571,0.4997999370098114,0.40226081013679504,0.5032486319541931
28,0.3131121098995209,0.5190880298614502,0.3029356598854065,0.521913468837738,0.3045450747013092,0.5088227391242981,,,0.31941765546798706,0.4883309304714203,0.39595380425453186,0.5399191975593567,0.4077860713005066,0.4662962257862091,0.4099719524383545,0.5852131247520447,0.5164729952812195,0.46101659536361694,0.3191506564617157,0.5951842069625854,0.6207975149154663,0.4630618095397949,0.610458254814148,0.5291376709938049,0.6116059422492981,0.48226338624954224,0.7610913515090942,0.5272151231765747,0.759871780872345,0.4925609529018402,0.9081258773803711,0.522577702999115,0.9091454744338989,0.49980977177619934,0.40223589539527893,0.5033262372016907
29,0.3132125735282898,0.5191442370414734,0.30301448702812195,0.5219787955284119,0.30457285046577454,0.5088730454444885,,,0.3193165361881256,0.4883823096752167,0.39600417017936707,0.5400810241699219,0.4077872633934021,0.46632522344589233,0.4104321599006653,0.5849666595458984,0.5166046023368835,0.4609311521053314,0.3195296823978424,0.5951873660087585,0.6208928227424622,0.4631553292274475,0.6105888485908508,0.529256284236908,0.6116042137145996,0.4823427200317383,0.761123776435852,0.5271790027618408,0.759876549243927,0.49251970648765564,0.9082939028739929,0.5225414633750916,0.9092090725898743,0.4997052252292633,0.4022722542285919,0.503409743309021
30,0.3134975731372833,0.5191117525100708,0.3032034933567047,0.5220252275466919,0.30476897954940796,0.508788526058197,,,0.31944188475608826,0.488262802362442,0.3963552415370941,0.5403173565864563,0.4079588055610657,0.4661305546760559,0.41114452481269836,0.5848298668861389,0.5167169570922852,0.46094244718551636,0.32032230496406555,0.5958461761474609,0.6207038164138794,0.4628477990627289,0.6106696128845215,0.5293494462966919,0.6117008328437805,0.48230525851249695,0.7613630294799805,0.5270552635192871,0.760149359703064,0.4925142228603363,0.9084285497665405,0.5224828124046326,0.9094385504722595,0.4997258484363556,0.4025331139564514,0.5034300088882446
31,0.3130010962486267,0.5193774700164795,0.3028687834739685,0.522280752658844,0.30410313606262207,0.5091339349746704,,,0.3191792666912079,0.4884182810783386,0.39629703760147095,0.5405986309051514,0.4079503118991852,0.4661308228969574,0.4112253189086914,0.585148811340332,0.516840398311615,0.46057572960853577,0.32027187943458557,0.5958284735679626,0.6205992698669434,0.4626607298851013,0.6104230880737305,0.5295706391334534,0.611488938331604,0.48210737109184265,0.7611537575721741,0.5270544290542603,0.7599135637283325,0.49245691299438477,0.9084165692329407,0.522577702999115,0.9093203544616699,0.49978718161582947,0.4024682939052582,0.5036018490791321
32,0.31299152970314026,0.5192838311195374,0.30281394720077515,0.5222223401069641,0.30405470728874207,0.5090607404708862,,,0.31914228200912476,0.4884584844112396,0.3965331017971039,0.5406113266944885,0.40802761912345886,0.4660626947879791,0.4113410413265228,0.5852242708206177,0.5167157053947449,0.46056893467903137,0.32020729780197144,0.5959088206291199,0.6204932332038879,0.46258166432380676,0.6105890870094299,0.5296424627304077,0.6116496324539185,0.48225754499435425,0.7612061500549316,0.5269321203231812,0.7599396109580994,0.49240562319755554,0.9083642363548279,0.5225353837013245,0.9092260599136353,0.49976596236228943,0.40266236662864685,0.503606915473938
33,0.31298619508743286,0.5191560387611389,0.3028399646282196,0.5221379995346069,0.3040843605995178,0.5089863538742065,,,0.3191912770271301,0.4884645938873291,0.39651891589164734,0.5405485033988953,0.4080963134765625,0.46596837043762207,0.4113796651363373,0.5852592587471008,0.516631007194519,0.46050795912742615,0.32064518332481384,0.5961512923240662,0.620620846748352,0.4623014032840729,0.6105921864509583,0.5295446515083313,0.6117162108421326,0.48218998312950134,0.7612482309341431,0.5269566774368286,0.7599895596504211,0.49238184094429016,0.9084272980690002,0.5225652456283569,0.9091697931289673,0.49972209334373474,0.4027087986469269,0.5035311579704285
34,0.3132421672344208,0.5193306803703308,0.3030986785888672,0.5222634077072144,0.3045746386051178,0.5090811848640442,,,0.3193543553352356,0.4885159134864807,0.3966706395149231,0.5407047867774963,0.40801265835762024,0.46604275703430176,0.41104254126548767,0.5855414271354675,0.5165013074874878,0.46073979139328003,0.3203173279762268,0.5961016416549683,0.620697557926178,0.462449848651886,0.6104952692985535,0.5293191075325012,0.6115317344665527,0.48201972246170044,0.7610457539558411,0.5269691348075867,0.7597400546073914,0.4924696385860443,0.9083060622215271,0.522614061832428,0.909106433391571,0.49987050890922546,0.4027542471885681,0.5036253333091736
35,0.31320756673812866,0.5193827152252197,0.30307117104530334,0.5223317742347717,0.3045589327812195,0.5091143250465393,,,0.3193945288658142,0.48852887749671936,0.39675047993659973,0.5408704876899719,0.40794914960861206,0.46620020270347595,0.4112367630004883,0.585657000541687,0.5162374973297119,0.46077775955200195,0.3207993805408478,0.5959697961807251,0.6205152273178101,0.46232110261917114,0.6106507182121277,0.5293213725090027,0.6115824580192566,0.4820559322834015,0.7612162828445435,0.52692711353302,0.7599024176597595,0.49239471554756165,0.9083067178726196,0.5226467251777649,0.9090374112129211,0.49988454580307007,0.40279197692871094,0.5037866234779358
36,0.31319311261177063,0.5193289518356323,0.30309954285621643,0.5222938060760498,0.30455881357192993,0.5091040134429932,,,0.31938013434410095,0.48855236172676086,0.3967493176460266,0.540878415107727,0.40794938802719116,0.466168075799942,0.4112781882286072,0.5857155919075012,0.5163282752037048,0.4605562090873718,0.33069083094596863,0.5954379439353943,0.6205264329910278,0.4622928500175476,0.6106918454170227,0.5292543172836304,0.6116408109664917,0.48198142647743225,0.7611884474754333,0.5269297957420349,0.7598424553871155,0.4923105537891388,0.9084951281547546,0.5226393342018127,0.9091625213623047,0.49985024333000183,0.4027853012084961,0.5037602186203003
37,0.31337347626686096,0.5191956162452698,0.30322909355163574,0.5221849083900452,0.30473145842552185,0.5090122818946838,,,0.319566547870636,0.48862987756729126,0.3969363868236542,0.5408353805541992,0.4079733192920685,0.4661619961261749,0.4115113914012909,0.58561772108078,0.5162209868431091,0.4604451656341553,0.3306579291820526,0.595313549041748,0.6205987334251404,0.4622267782688141,0.6109033226966858,0.5292701125144958,0.6118276715278625,0.48198986053466797,0.7613983154296875,0.5269168019294739,0.7600398659706116,0.4922286868095398,0.9086219668388367,0.5225805044174194,0.9092625379562378,0.4994753897190094,0.40292033553123474,0.5037832856178284
38,0.3132328987121582,0.5191652774810791,0.30308347940444946,0.5222846269607544,0.3045724928379059,0.5089134573936462,,,0.3194473087787628,0.48853349685668945,0.39693760871887207,0.5410822033882141,0.4079543650150299,0.46637701988220215,0.41173139214515686,0.5854726433753967,0.5161312818527222,0.460713654756546,0.3311387002468109,0.5952454209327698,0.6202018857002258,0.4622216522693634,0.6107441782951355,0.5294498205184937,0.611607015132904,0.48199892044067383,0.7612105011940002,0.5269704461097717,0.7598375678062439,0.4921620488166809,0.9083052277565002,0.5226442813873291,0.9090709090232849,0.4997735619544983,0.4028824269771576,0.5039404630661011
39,0.31315091252326965,0.5192030072212219,0.30303439497947693,0.522331178188324,0.304262638092041,0.5090309381484985,,,0.31946149468421936,0.4886173903942108,0.3968784809112549,0.5410765409469604,0.40793392062187195,0.4665379226207733,0.41176560521125793,0.5857871174812317,0.5160961151123047,0.4608719050884247,0.33114251494407654,0.5954381823539734,0.6200874447822571,0.46212461590766907,0.6106212735176086,0.5294655561447144,0.6114773154258728,0.4820221960544586,0.7612158060073853,0.5269790887832642,0.7599392533302307,0.49219515919685364,0.9082541465759277,0.5226306319236755,0.9091149568557739,0.4998304843902588,0.40282559394836426,0.5040358304977417
40,0.3132776916027069,0.5191935300827026,0.3031393587589264,0.5223643779754639,0.3046083450317383,0.5090042352676392,,,0.31953921914100647,0.48869234323501587,0.39724722504615784,0.5410131812095642,0.4080568253993988,0.4664836823940277,0.41207119822502136,0.5859872102737427,0.5162297487258911,0.46048301458358765,0.3312661945819855,0.5960022211074829,0.6203470826148987,0.4621426463127136,0.6105042099952698,0.5295017957687378,0.6115027666091919,0.48205041885375977,0.7610911130905151,0.5269947052001953,0.7597363591194153,0.4922683537006378,0.9082794785499573,0.5226433873176575,0.909049391746521,0.4997648596763611,0.40313297510147095,0.5039963126182556
41,0.3131009638309479,0.5190855860710144,0.3029544949531555,0.5224093198776245,0.30416807532310486,0.5088854432106018,,,0.31943249702453613,0.48857665061950684,0.3972182273864746,0.5413314700126648,0.4077772796154022,0.4669371247291565,0.41253992915153503,0.5857542753219604,0.515933632850647,0.4606325030326843,0.3318888247013092,0.5958757996559143,0.6201838254928589,0.46239355206489563,0.6104045510292053,0.529546856880188,0.6112457513809204,0.4820992350578308,0.760958194732666,0.5269776582717896,0.7595921158790588,0.492128849029541,0.9081774353981018,0.5228034853935242,0.908885657787323,0.49984803795814514,0.4029747545719147,0.5043140649795532
42,0.312903493642807,0.5190424919128418,0.3027171194553375,0.5223075151443481,0.3040022552013397,0.5088245868682861,,,0.3193937838077545,0.48854854702949524,0.3972489833831787,0.5414100289344788,0.4079151153564453,0.46696534752845764,0.4128325581550598,0.5860183835029602,0.5159670114517212,0.4608286917209625,0.33207565546035767,0.5960744619369507,0.6199809908866882,0.46236711740493774,0.6105754971504211,0.5295794010162354,0.611382007598877,0.4822794795036316,0.7612305879592896,0.5270192623138428,0.7598141431808472,0.4921896159648895,0.9085038900375366,0.5226305723190308,0.9090819358825684,0.49945268034935,0.4030683934688568,0.5044105648994446
43,0.31305578351020813,0.5187920331954956,0.30282506346702576,0.5222916603088379,0.3040972054004669,0.5085298418998718,,,0.31947964429855347,0.4884491562843323,0.39726611971855164,0.5416069030761719,0.4076848030090332,0.4671494662761688,0.41314980387687683,0.5859003663063049,0.5157989859580994,0.4609375,0.33259227871894836,0.5963357090950012,0.6199271082878113,0.46251168847084045,0.610435962677002,0.5297167301177979,0.6111786961555481,0.48236778378486633,0.7611562013626099,0.5270991325378418,0.7597199082374573,0.49222251772880554,0.9083483815193176,0.522627592086792,0.9089482426643372,0.4996909499168396,0.40297093987464905,0.5045663714408875
44,0.313300758600235,0.5188769698143005,0.30295848846435547,0.5222147703170776,0.3045710623264313,0.5084788203239441,,,0.31972745060920715,0.48827052116394043,0.39738568663597107,0.5415233969688416,0.407682329416275,0.467283695936203,0.4132814407348633,0.5859549641609192,0.5157333016395569,0.46086451411247253,0.33129197359085083,0.5964736938476562,0.6199215054512024,0.46267169713974,0.6104429960250854,0.5297799706459045,0.6111205220222473,0.4824216365814209,0.7609705924987793,0.5271239876747131,0.7594361901283264,0.49225205183029175,0.9083684086799622,0.5225927829742432,0.9089250564575195,0.4993225634098053,0.40306752920150757,0.5046281218528748
45,0.31276580691337585,0.5185620784759521,0.3024292290210724,0.5221258997917175,0.3037068247795105,0.508142352104187,,,0.319318950176239,0.48791903257369995,0.39747539162635803,0.54143887758255,0.40765413641929626,0.46740588545799255,0.41374510526657104,0.5859469175338745,0.5157026052474976,0.46130940318107605,0.3321108818054199,0.5967975854873657,0.620071291923523,0.46294477581977844,0.6104682087898254,0.5298314094543457,0.6110963821411133,0.48252272605895996,0.7609633803367615,0.5271705389022827,0.7594447135925293,0.49212175607681274,0.9082932472229004,0.5227308869361877,0.9088837504386902,0.4997120201587677,0.40305808186531067,0.5046079754829407
46,0.3132016956806183,0.5170771479606628,0.30273643136024475,0.5212833881378174,0.30386942625045776,0.5071689486503601,0.3155120015144348,0.5278190970420837,0.31909480690956116,0.48760154843330383,0.3979092538356781,0.5417901873588562,0.4075945019721985,0.4671378433704376,0.4137956500053406,0.5864266753196716,0.5152896642684937,0.46137768030166626,0.3309348523616791,0.5975335836410522,0.6199290156364441,0.46291080117225647,0.6107795834541321,0.5298734307289124,0.6113187670707703,0.48256391286849976,0.7612231969833374,0.5271366238594055,0.7596554756164551,0.49200835824012756,0.9083498120307922,0.5227519869804382,0.9087565541267395,0.49977925419807434,0.4032801687717438,0.5047441720962524
47,0.3141295611858368,0.5149856805801392,0.3034208416938782,0.5199669003486633,0.30474087595939636,0.5051668882369995,0.3162446916103363,0.5272634625434875,0.31939414143562317,0.4866860508918762,0.39799076318740845,0.5423429608345032,0.4074026048183441,0.4672084450721741,0.41300222277641296,0.5871420502662659,0.5148044228553772,0.4617619514465332,0.3209250867366791,0.5988010168075562,0.6192976832389832,0.46309491991996765,0.610580563545227,0.5297607779502869,0.6109732985496521,0.48244646191596985,0.7611209750175476,0.5270146131515503,0.7595948576927185,0.49169132113456726,0.9084457755088806,0.5229358077049255,0.9087147116661072,0.49990126490592957,0.4031720459461212,0.5049391984939575
48,0.31221482157707214,0.5130019783973694,0.3014955520629883,0.5184611082077026,0.302746444940567,0.5034070014953613,0.31534963846206665,0.5263018012046814,0.3188627362251282,0.48604273796081543,0.39798155426979065,0.5429919362068176,0.40739139914512634,0.4672985076904297,0.41260769963264465,0.5879515409469604,0.5148318409919739,0.46116241812705994,0.3185107707977295,0.5988251566886902,0.6195286512374878,0.4624456465244293,0.6113286018371582,0.5297437310218811,0.6116818189620972,0.4821973145008087,0.7620552778244019,0.526943564414978,0.760586678981781,0.49141618609428406,0.9089099168777466,0.5228386521339417,0.9089255332946777,0.4998122751712799,0.40326669812202454,0.5052964687347412
49,0.3124023973941803,0.5095182657241821,0.301443487405777,0.5160327553749084,0.3024670481681824,0.5006096363067627,0.31521517038345337,0.5253710746765137,0.3177530765533447,0.48536422848701477,0.39844295382499695,0.5437374711036682,0.4066747725009918,0.46712735295295715,0.41195473074913025,0.5880913734436035,0.513989269733429,0.4603975713253021,0.3162710666656494,0.5991378426551819,0.6191993951797485,0.46068960428237915,0.6117476224899292,0.529897928237915,0.6118931770324707,0.48179465532302856,0.7627127766609192,0.526775062084198,0.7612417340278625,0.4912826716899872,0.9092260599136353,0.5228649377822876,0.9091533422470093,0.4998309016227722,0.4030012786388397,0.50544673204422
50,0.3144516348838806,0.5035499334335327,0.30268391966819763,0.5115297436714172,0.30394765734672546,0.494831383228302,0.315361887216568,0.5243546962738037,0.3174436092376709,0.483387291431427,0.39912575483322144,0.5454025268554688,0.4057955741882324,0.4669651687145233,0.40864697098731995,0.5903056859970093,0.5120362639427185,0.45865631103515625,0.3143823742866516,0.6000276207923889,0.614852249622345,0.45752397179603577,0.6115279197692871,0.5299891829490662,0.6114000082015991,0.4817728102207184,0.7627502083778381,0.5266125798225403,0.7613803148269653,0.49039986729621887,0.9087490439414978,0.5229930877685547,0.9083390235900879,0.49934497475624084,0.4027880132198334,0.5059582591056824
51,0.31556087732315063,0.4994962811470032,0.3032536208629608,0.5084879398345947,0.3049883246421814,0.49168911576271057,0.3160046935081482,0.5233792066574097,0.3178808391094208,0.4825719892978668,0.4004456698894501,0.546143651008606,0.4055323004722595,0.46684718132019043,0.4122374355792999,0.5902391672134399,0.5116129517555237,0.45635220408439636,0.31652307510375977,0.6006271243095398,0.6132313013076782,0.45310428738594055,0.6136067509651184,0.5297606587409973,0.6131011247634888,0.4813660979270935,0.7652590870857239,0.5261291861534119,0.76394122838974,0.48937493562698364,0.9092196822166443,0.5229164361953735,0.9082137942314148,0.4991852343082428,0.4033042788505554,0.5061946511268616
52,0.31706348061561584,0.49642330408096313,0.3048526644706726,0.5061196088790894,0.305972158908844,0.4890482425689697,0.3172512948513031,0.5222513675689697,0.3185689449310303,0.48143914341926575,0.40111851692199707,0.5465530753135681,0.40561941266059875,0.4669026732444763,0.4130123555660248,0.5907643437385559,0.5102442502975464,0.4542105197906494,0.317110538482666,0.6014987826347351,0.6087493300437927,0.4470890462398529,0.6137868165969849,0.5284799933433533,0.6130608320236206,0.48101672530174255,0.7658838033676147,0.525339663028717,0.764655590057373,0.48862677812576294,0.9092127084732056,0.5226900577545166,0.9076581597328186,0.499042272567749,0.4036960005760193,0.5062597393989563
53,0.31559473276138306,0.49385061860084534,0.30306535959243774,0.5039547085762024,0.3042868971824646,0.48721885681152344,0.31673765182495117,0.5215327143669128,0.3174011707305908,0.481202095746994,0.40099892020225525,0.5476605296134949,0.4055812656879425,0.46732935309410095,0.4138312041759491,0.591556966304779,0.5096911191940308,0.45281630754470825,0.3191932141780853,0.6056551337242126,0.6006335616111755,0.4440513551235199,0.6136361956596375,0.5292757749557495,0.6132281422615051,0.4817432463169098,0.7660465836524963,0.5253871083259583,0.7648943662643433,0.4886362552642822,0.9093616604804993,0.5226247906684875,0.907743513584137,0.49874353408813477,0.40372878313064575,0.5068903565406799
54,0.3158559203147888,0.4899462163448334,0.302749902009964,0.5005560517311096,0.30414313077926636,0.48400530219078064,0.315955251455307,0.5205756425857544,0.31651052832603455,0.479735791683197,0.401266485452652,0.5489193201065063,0.4051487445831299,0.4670237898826599,0.416383296251297,0.5919278264045715,0.5087748169898987,0.4485499858856201,0.3788129985332489,0.5940672159194946,0.5981122851371765,0.43106892704963684,0.6139572858810425,0.5299021005630493,0.6137776374816895,0.4809325635433197,0.766203761100769,0.5256552696228027,0.7650189995765686,0.48895177245140076,0.9098736643791199,0.5226619839668274,0.9080791473388672,0.4989730417728424,0.40375980734825134,0.5073044896125793
55,0.316417396068573,0.48740580677986145,0.3031080663204193,0.4981319010257721,0.30470728874206543,0.48214802145957947,0.3159354627132416,0.5202286839485168,0.3167280852794647,0.4792329967021942,0.4016461670398712,0.5500527620315552,0.4050784707069397,0.4672793447971344,0.4166446626186371,0.593451976776123,0.5071878433227539,0.444723516702652,0.3366120457649231,0.6084822416305542,0.5941156148910522,0.4214478135108948,0.6148251891136169,0.5311800837516785,0.614517331123352,0.4811398983001709,0.7660988569259644,0.5263171792030334,0.7648496627807617,0.4901154041290283,0.910020649433136,0.5225619673728943,0.9084348678588867,0.49899837374687195,0.40390825271606445,0.5079333186149597
56,0.3167915344238281,0.48574405908584595,0.30331292748451233,0.49678272008895874,0.3051455616950989,0.4807059168815613,0.31581082940101624,0.519519031047821,,,0.4013325273990631,0.5505657196044922,0.40561118721961975,0.4675438404083252,0.41637927293777466,0.5952057242393494,0.5029074549674988,0.44137170910835266,0.3346448242664337,0.6093777418136597,0.5806034803390503,0.4104278087615967,0.6133884191513062,0.5323610305786133,0.6135774254798889,0.48232534527778625,0.7653565406799316,0.5263144373893738,0.7639142274856567,0.4900400638580322,0.9095706343650818,0.5226987600326538,0.908183217048645,0.49894770979881287,0.40400558710098267,0.5084908604621887
57,0.31743884086608887,0.4854830205440521,0.3041764795780182,0.4964635372161865,0.30572015047073364,0.4804670214653015,0.3159411549568176,0.5191816687583923,,,0.40030112862586975,0.5503371357917786,0.4055185616016388,0.4676915109157562,0.41672825813293457,0.5953713655471802,0.49416765570640564,0.43703708052635193,0.33522942662239075,0.6100725531578064,0.5615116953849792,0.4006902873516083,0.6126497983932495,0.5323730111122131,0.6131486296653748,0.48178979754447937,0.7652258276939392,0.5258383750915527,0.763607382774353,0.4894539713859558,0.9097303748130798,0.5223641991615295,0.9080139994621277,0.4987938404083252,0.40336278080940247,0.508693277835846
58,0.3173939883708954,0.48470520973205566,0.3040485680103302,0.4959026873111725,0.3052094876766205,0.4803168475627899,0.3157311975955963,0.5191325545310974,,,0.3994760811328888,0.5493844151496887,0.40472957491874695,0.46749502420425415,0.4176095128059387,0.5950790643692017,0.487935870885849,0.4312851130962372,0.33558329939842224,0.6121223568916321,0.5476827025413513,0.3849976658821106,0.6123040318489075,0.5319285988807678,0.6128668785095215,0.4812752902507782,0.7654171586036682,0.5257045030593872,0.7642263174057007,0.48907962441444397,0.9094525575637817,0.5221796035766602,0.9084286093711853,0.49881166219711304,0.4024534821510315,0.508391261100769
59,0.31795063614845276,0.48382046818733215,0.30469927191734314,0.49503907561302185,0.305483341217041,0.4799090325832367,0.3158731758594513,0.518900990486145,,,0.39932605624198914,0.5492958426475525,0.40334993600845337,0.4676257073879242,0.41830214858055115,0.5944790840148926,0.4789334833621979,0.428274005651474,0.3517007529735565,0.6109098792076111,0.5263878703117371,0.3735087513923645,0.6124993562698364,0.5314684510231018,0.612093985080719,0.4801563322544098,0.7648656964302063,0.5256754755973816,0.7640504240989685,0.4892611503601074,0.90821772813797,0.5225473642349243,0.9075330495834351,0.4985409677028656,0.4015716016292572,0.5083973407745361
60,0.3176409602165222,0.48389631509780884,0.30445000529289246,0.4953025281429291,0.3052266240119934,0.47980383038520813,0.31594160199165344,0.5190679430961609,,,0.39987263083457947,0.5492414832115173,0.403892457485199,0.46614667773246765,0.4175843596458435,0.5952030420303345,0.4686313569545746,0.42050570249557495,0.3485361933708191,0.6124244928359985,0.507337749004364,0.36358362436294556,0.6136797666549683,0.5320433974266052,0.6131458282470703,0.4797697961330414,0.7656183838844299,0.5260909795761108,0.7646326422691345,0.4896067976951599,0.9080989956855774,0.5225858688354492,0.9073023200035095,0.49876856803894043,0.40196704864501953,0.5076490044593811
61,0.31694748997688293,0.4838610291481018,0.30365872383117676,0.4953884482383728,0.3045539855957031,0.47971662878990173,0.3156135380268097,0.5192229151725769,,,0.39897799491882324,0.5493367910385132,0.40343621373176575,0.46530672907829285,0.41631221771240234,0.5956030488014221,0.45527663826942444,0.41240909695625305,0.3358990252017975,0.6147794127464294,0.4825005829334259,0.3552394211292267,0.6139598488807678,0.5320073366165161,0.6136279702186584,0.47961148619651794,0.7658388018608093,0.5264982581138611,0.7647160887718201,0.4901435077190399,0.9092448353767395,0.5224137306213379,0.9077173471450806,0.49890464544296265,0.40132883191108704,0.5069154500961304
62,0.31558090448379517,0.4834761917591095,0.30245402455329895,0.49545472860336304,0.3032341003417969,0.47954538464546204,0.3151182234287262,0.5192466974258423,,,0.4003782868385315,0.5491729974746704,0.4024506211280823,0.462475061416626,0.4149806797504425,0.5959938764572144,0.4435177445411682,0.4075680673122406,0.3337492346763611,0.6147536635398865,0.45594027638435364,0.3515178859233856,0.6152876615524292,0.5323163270950317,0.6146584749221802,0.4795478284358978,0.7654579281806946,0.5266238451004028,0.7643951177597046,0.49031057953834534,0.9090978503227234,0.5222026109695435,0.9073411822319031,0.4990781843662262,0.40203261375427246,0.505538284778595
63,0.3147628903388977,0.4832119047641754,0.30181851983070374,0.49537572264671326,0.3024187684059143,0.47952643036842346,0.3146246075630188,0.5194240212440491,,,0.3988945186138153,0.5486756563186646,0.3986372649669647,0.4630477726459503,0.41559937596321106,0.595844566822052,0.43205100297927856,0.40894651412963867,0.3339781165122986,0.6138690114021301,0.43647050857543945,0.3512771427631378,0.6155085563659668,0.5331870913505554,0.6148335337638855,0.4809705913066864,0.7655988335609436,0.5267289876937866,0.7646795511245728,0.49058589339256287,0.9092944264411926,0.5219137668609619,0.906872570514679,0.4991183578968048,0.3994748890399933,0.5052367448806763
64,0.3144981563091278,0.4834635257720947,0.3016951084136963,0.49561113119125366,0.3025240898132324,0.4796101450920105,0.3150113523006439,0.5196441411972046,,,0.3987177312374115,0.5483172535896301,0.3974185287952423,0.4631568491458893,0.4159691333770752,0.5963438749313354,0.4187987744808197,0.40725085139274597,0.3327643573284149,0.6131799817085266,0.4161994159221649,0.35130447149276733,0.616122305393219,0.5332506895065308,0.6153498291969299,0.48121413588523865,0.7655537724494934,0.5267020463943481,0.764898419380188,0.4909033179283142,0.9094650149345398,0.5217493176460266,0.9068673253059387,0.4993031919002533,0.3986758589744568,0.5049477815628052
65,0.31405630707740784,0.48353704810142517,0.301442950963974,0.49560728669166565,0.3022098243236542,0.4798726439476013,0.3147762417793274,0.5195276737213135,,,0.39835718274116516,0.5480846762657166,0.3955180048942566,0.4628920555114746,0.4158104956150055,0.5971611738204956,0.40810757875442505,0.4066452383995056,0.331832617521286,0.613525390625,0.40306997299194336,0.3501175343990326,0.6177311539649963,0.5335134267807007,0.6162360310554504,0.48170360922813416,0.7661935687065125,0.5267637372016907,0.7651795744895935,0.49129611253738403,0.909787118434906,0.5213316679000854,0.9067153930664062,0.4994700253009796,0.3973531126976013,0.5048860311508179
66,0.3134326934814453,0.48331740498542786,0.3010003864765167,0.4954055845737457,0.30158737301826477,0.4797731041908264,0.3141738474369049,0.5191929936408997,,,0.3978545069694519,0.5469720363616943,0.39343777298927307,0.4618220627307892,0.41583845019340515,0.5967712998390198,0.4033074975013733,0.4052421450614929,0.33196085691452026,0.613460123538971,0.39248934388160706,0.35085800290107727,0.6177497506141663,0.5322839021682739,0.6164451241493225,0.48156142234802246,0.7662464380264282,0.5265358686447144,0.7652692794799805,0.4910120368003845,0.9127622842788696,0.5214358568191528,0.9065915942192078,0.4994388520717621,0.3958565294742584,0.5040302276611328
67,0.31284287571907043,0.4830765128135681,0.30068638920783997,0.4953191876411438,0.3008573651313782,0.47980496287345886,0.3141162693500519,0.5191681981086731,,,0.3975842595100403,0.5463308691978455,0.39170604944229126,0.4614998996257782,0.415650337934494,0.5968298316001892,0.40139976143836975,0.4051235616207123,0.33206579089164734,0.6133956909179688,0.388328492641449,0.3516223132610321,0.6165027618408203,0.5314983129501343,0.6151537299156189,0.4812258780002594,0.7652156949043274,0.5264658331871033,0.7639660239219666,0.49066728353500366,0.9126954078674316,0.5216140151023865,0.9064460396766663,0.4996649920940399,0.39496690034866333,0.5035210847854614
68,0.31286683678627014,0.4830412268638611,0.3008202016353607,0.4952385425567627,0.3009708523750305,0.4798506796360016,0.314065158367157,0.519119918346405,,,0.3973377048969269,0.5461152791976929,0.39097195863723755,0.46127787232398987,0.4161820709705353,0.5968402028083801,0.3987281918525696,0.4039645195007324,0.33177536725997925,0.6138848662376404,0.3821854293346405,0.3502015173435211,0.615980327129364,0.5311066508293152,0.614666759967804,0.48126059770584106,0.764663577079773,0.5263027548789978,0.7635911703109741,0.4904218018054962,0.9099211692810059,0.5216742157936096,0.9064684510231018,0.4996577799320221,0.39432287216186523,0.5033355951309204
69,0.3124031126499176,0.48293593525886536,0.3005177676677704,0.49520984292030334,0.3005245327949524,0.4798622727394104,0.3139401078224182,0.5191877484321594,,,0.39733266830444336,0.5460718870162964,0.39089933037757874,0.4616217017173767,0.4167458117008209,0.596702516078949,0.3976036608219147,0.4034702777862549,0.33237171173095703,0.6139468550682068,0.3809010088443756,0.3502163290977478,0.6153238415718079,0.5309471487998962,0.6141257286071777,0.4813571274280548,0.7644362449645996,0.5263201594352722,0.763553261756897,0.49022436141967773,0.90989750623703,0.5220195651054382,0.9064726829528809,0.49993225932121277,0.39425042271614075,0.5035088658332825
70,0.3125157058238983,0.4827956259250641,0.3006012439727783,0.49501273036003113,0.30064839124679565,0.4797906279563904,0.31391116976737976,0.5189722180366516,,,0.3973367512226105,0.5459741353988647,0.39063364267349243,0.4614494740962982,0.4169119894504547,0.5966392159461975,0.39625734090805054,0.40295344591140747,0.33234480023384094,0.6139950752258301,0.38074782490730286,0.3500988781452179,0.615541398525238,0.5308729410171509,0.6144580245018005,0.48154178261756897,0.7649378776550293,0.5262682437896729,0.7642948031425476,0.490131139755249,0.9097283482551575,0.5220657587051392,0.9063424468040466,0.4998665452003479,0.39415332674980164,0.5033736228942871
71,0.3124566972255707,0.48271816968917847,0.3005553185939789,0.49494022130966187,0.3005714416503906,0.47971266508102417,0.3138674795627594,0.5188432335853577,,,0.39717739820480347,0.5459683537483215,0.39043328166007996,0.461315393447876,0.4167640805244446,0.596467137336731,0.39582177996635437,0.4029066562652588,0.3319397270679474,0.6140254139900208,0.3806013762950897,0.3498633801937103,0.6153818964958191,0.5308459997177124,0.614306628704071,0.48153308033943176,0.7649602293968201,0.5263750553131104,0.7643165588378906,0.49015405774116516,0.9097664952278137,0.5221204161643982,0.9063249230384827,0.49986177682876587,0.39400821924209595,0.5033152103424072
72,0.3125667870044708,0.4828013777732849,0.30061984062194824,0.4949486255645752,0.3006470799446106,0.47977688908576965,0.31379392743110657,0.518796980381012,,,0.39702531695365906,0.546097993850708,0.3905344605445862,0.46151500940322876,0.41675081849098206,0.5960850715637207,0.39583900570869446,0.40289047360420227,0.331775039434433,0.6136507987976074,0.38087621331214905,0.34984228014945984,0.6150599122047424,0.5310190916061401,0.6140357255935669,0.4816740155220032,0.7646819949150085,0.5265432000160217,0.7640838623046875,0.49021077156066895,0.9094745516777039,0.5222339034080505,0.9061123728752136,0.4995794892311096,0.39395037293434143,0.5034477710723877
73,0.31216955184936523,0.4830445945262909,0.30021998286247253,0.4951920211315155,0.3001505434513092,0.4799720346927643,0.31350788474082947,0.5188317894935608,,,0.3970227539539337,0.5459985136985779,0.3904833495616913,0.4612789452075958,0.4162633717060089,0.5956755876541138,0.3958023190498352,0.402633935213089,0.331390917301178,0.6130814552307129,0.3814477324485779,0.3497600257396698,0.6150744557380676,0.5310078263282776,0.6141545176506042,0.48166918754577637,0.7647044062614441,0.5266458988189697,0.7641882300376892,0.4902023375034332,0.9096584916114807,0.5223323702812195,0.9062209129333496,0.4998481273651123,0.39394432306289673,0.5032848119735718
74,0.31227055191993713,0.4831389784812927,0.30030107498168945,0.4952394664287567,0.30028408765792847,0.4800414741039276,0.3135932385921478,0.5187636613845825,,,0.3969908356666565,0.5460274815559387,0.3906613290309906,0.46129587292671204,0.4162643849849701,0.5954452157020569,0.39613619446754456,0.40223073959350586,0.3311668038368225,0.6123325228691101,0.3823257088661194,0.34890231490135193,0.6148605346679688,0.5311911702156067,0.6140126585960388,0.4818324148654938,0.7644023299217224,0.5266721248626709,0.7639297246932983,0.49029630422592163,0.9091048240661621,0.5222758054733276,0.905892550945282,0.49979954957962036,0.39398857951164246,0.5033175945281982
75,0.31207332015037537,0.4831087589263916,0.3000536561012268,0.4952254295349121,0.30011671781539917,0.47994861006736755,0.31343862414360046,0.5186946988105774,,,0.3970697224140167,0.546104371547699,0.391215056180954,0.4615240693092346,0.416336327791214,0.5952853560447693,0.3965207040309906,0.402159184217453,0.330891877412796,0.6119783520698547,0.3832341134548187,0.34886449575424194,0.6146003007888794,0.5313307642936707,0.6137418746948242,0.48199567198753357,0.7640270590782166,0.5266916751861572,0.7634811997413635,0.4904768168926239,0.9091243743896484,0.5221508145332336,0.9060248136520386,0.49962085485458374,0.3942357003688812,0.5034586787223816
76,0.3117714822292328,0.48329466581344604,0.2997356057167053,0.49539726972579956,0.2999235689640045,0.4800642132759094,0.31331515312194824,0.5186973214149475,,,0.39730435609817505,0.54603511095047,0.3919452726840973,0.46147266030311584,0.41608643531799316,0.594980776309967,0.39726632833480835,0.4016108214855194,0.3317725658416748,0.6113542318344116,0.383759468793869,0.34816867113113403,0.6152811050415039,0.5312973856925964,0.6143568754196167,0.482053279876709,0.7643566727638245,0.5265503525733948,0.7637887001037598,0.49057307839393616,0.9091648459434509,0.5222496390342712,0.9060035943984985,0.4995635449886322,0.3947008550167084,0.5034403800964355
77,0.3117845952510834,0.4831533432006836,0.29970961809158325,0.49528321623802185,0.2999861538410187,0.4798664152622223,0.3132568299770355,0.5186010599136353,,,0.3972463309764862,0.5461732149124146,0.3919971287250519,0.4614866375923157,0.41595882177352905,0.5947009325027466,0.3974834084510803,0.40198931097984314,0.33275148272514343,0.6110517382621765,0.3840812146663666,0.34855660796165466,0.6150388121604919,0.53148353099823,0.6140203475952148,0.48195984959602356,0.7638296484947205,0.526516854763031,0.7630873322486877,0.49064525961875916,0.9089915156364441,0.5222722291946411,0.9058146476745605,0.49955955147743225,0.3947082459926605,0.5034781694412231
78,0.3117820918560028,0.4832521975040436,0.2996928095817566,0.4952646791934967,0.30009812116622925,0.47990161180496216,0.3132611811161041,0.5182752013206482,,,0.3974812626838684,0.5457897782325745,0.39259210228919983,0.4615779519081116,0.41583171486854553,0.5946517586708069,0.39840593934059143,0.4022023379802704,0.33305200934410095,0.6108008623123169,0.3847372531890869,0.347536563873291,0.6147388219833374,0.5311604738235474,0.613815426826477,0.48185521364212036,0.763963520526886,0.5264808535575867,0.7633402943611145,0.490562379360199,0.909148633480072,0.5221958756446838,0.905913770198822,0.499525249004364,0.3951290547847748,0.5033462643623352
79,0.3117085099220276,0.4830264449119568,0.299562931060791,0.49504736065864563,0.30004411935806274,0.4796653091907501,0.3131009638309479,0.5180023312568665,,,0.3972894251346588,0.545549750328064,0.3927159309387207,0.4616726040840149,0.4156785309314728,0.5944603681564331,0.39829355478286743,0.4024795889854431,0.33267971873283386,0.6109040975570679,0.38411909341812134,0.3466629981994629,0.6147595643997192,0.5309447050094604,0.6137190461158752,0.48169606924057007,0.7639861702919006,0.5264305472373962,0.7633431553840637,0.49047398567199707,0.909213125705719,0.5222650766372681,0.9059686064720154,0.4994688928127289,0.3950650990009308,0.5032930374145508
80,0.3121378421783447,0.4830360412597656,0.2998691499233246,0.49494680762290955,0.30046066641807556,0.47962087392807007,0.3131597340106964,0.5176417231559753,,,0.3975418508052826,0.5455729365348816,0.39326903223991394,0.46198710799217224,0.41550835967063904,0.5945326089859009,0.39861899614334106,0.40341565012931824,0.33265194296836853,0.6110901832580566,0.38301125168800354,0.34669962525367737,0.6151941418647766,0.5309659242630005,0.6140133738517761,0.4817005693912506,0.7642598152160645,0.5264176726341248,0.7636498212814331,0.4904387593269348,0.9094240069389343,0.5223495364189148,0.9060887098312378,0.49944138526916504,0.39524051547050476,0.5034217238426208
81,0.31269797682762146,0.482808917760849,0.30024024844169617,0.4946299195289612,0.3010677695274353,0.4792206287384033,0.31319209933280945,0.5172329545021057,,,0.3978252112865448,0.5456506609916687,0.3942304253578186,0.46217313408851624,0.4151918590068817,0.5944427847862244,0.4001132845878601,0.4038819670677185,0.3327930271625519,0.6110440492630005,0.38074806332588196,0.3457657992839813,0.6153851747512817,0.5308097004890442,0.6142506003379822,0.48176273703575134,0.7645615339279175,0.5262714624404907,0.7639641165733337,0.49031734466552734,0.9092812538146973,0.5222138166427612,0.9061428308486938,0.49939802289009094,0.3958289325237274,0.5035154223442078
82,0.31232306361198425,0.4826953113079071,0.2998959422111511,0.49442845582962036,0.3007773458957672,0.4790169298648834,0.3127303719520569,0.5169352293014526,,,0.39802101254463196,0.5457250475883484,0.3946719169616699,0.4621146619319916,0.41487497091293335,0.5942615270614624,0.4004310965538025,0.40564417839050293,0.3328489363193512,0.6110972166061401,0.3755118250846863,0.346858412027359,0.6158739328384399,0.5310238003730774,0.6147411465644836,0.48168089985847473,0.7645031809806824,0.526403546333313,0.763961136341095,0.4902280271053314,0.9092936515808105,0.5222417116165161,0.9064306020736694,0.4993910491466522,0.39619770646095276,0.5033734440803528
83,0.3122544288635254,0.4823339283466339,0.2999267876148224,0.49412012100219727,0.30088308453559875,0.4787038266658783,0.31295326352119446,0.5167703032493591,,,0.39808639883995056,0.5461187958717346,0.3956034481525421,0.46159934997558594,0.4145969748497009,0.5942924618721008,0.4007979929447174,0.40612873435020447,0.33283406496047974,0.6109504699707031,0.3708784282207489,0.3504846692085266,0.6160928010940552,0.5311762690544128,0.6150245070457458,0.4816310405731201,0.7645726203918457,0.5265015959739685,0.7640623450279236,0.4902366101741791,0.9091655611991882,0.522162914276123,0.9065724611282349,0.49948447942733765,0.3966538906097412,0.5033052563667297
84,0.31238943338394165,0.48222851753234863,0.30004554986953735,0.49410009384155273,0.30118149518966675,0.4786142408847809,0.3131710886955261,0.5167765617370605,,,0.3983105719089508,0.5463311672210693,0.39601752161979675,0.4615430235862732,0.41380372643470764,0.5941978693008423,0.4020989239215851,0.40534302592277527,0.33205389976501465,0.6109616160392761,0.3651719391345978,0.3549405038356781,0.6164616346359253,0.5309978723526001,0.615301251411438,0.4814210534095764,0.764833390712738,0.526445746421814,0.7642443776130676,0.4901924133300781,0.9092658758163452,0.5221750140190125,0.9066728353500366,0.49948564171791077,0.39699414372444153,0.5034412145614624
85,0.31235960125923157,0.48227977752685547,0.30020684003829956,0.49438756704330444,0.301035612821579,0.478785902261734,0.3135536015033722,0.517007052898407,,,0.3986516296863556,0.5467084050178528,0.396418035030365,0.4606953263282776,0.4136166572570801,0.5941471457481384,0.4035032093524933,0.4046788513660431,0.332806795835495,0.6108356714248657,0.3591873347759247,0.3620828688144684,0.6160007119178772,0.5308836102485657,0.6149851083755493,0.4809580147266388,0.764997124671936,0.5264706015586853,0.764410674571991,0.49036940932273865,0.9094399213790894,0.5221864581108093,0.9070931077003479,0.49936193227767944,0.3974551558494568,0.5032938718795776
86,0.3120315670967102,0.4812552332878113,0.29998764395713806,0.4938010573387146,0.30095428228378296,0.47819119691848755,0.31387704610824585,0.5165910720825195,,,0.3993363082408905,0.5467302203178406,0.39621612429618835,0.45993921160697937,0.41298016905784607,0.5941391587257385,0.4034141004085541,0.40499886870384216,0.33175745606422424,0.6105480790138245,0.34708452224731445,0.3696690499782562,0.6159089207649231,0.5307894945144653,0.6149309277534485,0.48067978024482727,0.7646759152412415,0.526535153388977,0.7641841173171997,0.49056047201156616,0.9093341827392578,0.5222407579421997,0.9071059823036194,0.49936261773109436,0.3977987468242645,0.5030491352081299
87,0.31206175684928894,0.4807067811489105,0.2999987304210663,0.49340707063674927,0.3009504973888397,0.47758084535598755,0.3142252266407013,0.516259491443634,,,0.39973074197769165,0.546381950378418,0.3964543342590332,0.45967933535575867,0.41257184743881226,0.5940105319023132,0.40221211314201355,0.40670937299728394,0.3319964110851288,0.6096700429916382,0.3276723325252533,0.3745538294315338,0.6156108975410461,0.5305930376052856,0.6145551800727844,0.48040667176246643,0.764428436756134,0.5264090299606323,0.7639111280441284,0.490617573261261,0.9090556502342224,0.5223084092140198,0.9067242741584778,0.4992365837097168,0.39813098311424255,0.5029016137123108
88,0.31237199902534485,0.47982358932495117,0.30034399032592773,0.4925563931465149,0.3011346757411957,0.4770295321941376,0.31467676162719727,0.5159283876419067,,,0.40058770775794983,0.5459139347076416,0.3969569504261017,0.4602071940898895,0.4121461808681488,0.5940495729446411,0.40097716450691223,0.40956491231918335,0.33166271448135376,0.6092708706855774,0.3285743296146393,0.3873381018638611,0.6154208779335022,0.5304229855537415,0.6146613955497742,0.48056069016456604,0.7645102739334106,0.5264998078346252,0.7641273140907288,0.49101540446281433,0.9091594815254211,0.5223796963691711,0.9069816470146179,0.4993002116680145,0.3987725079059601,0.5030718445777893
89,0.31458622217178345,0.47884392738342285,0.30178508162498474,0.4913081228733063,0.30286216735839844,0.4756186604499817,0.3148217499256134,0.5148358941078186,,,0.40057748556137085,0.5453669428825378,0.39667290449142456,0.4597885012626648,0.41234612464904785,0.5935254693031311,0.4015998840332031,0.4100954532623291,0.33240529894828796,0.6084036827087402,0.31660524010658264,0.39404889941215515,0.6148466467857361,0.530190646648407,0.614161491394043,0.4804159998893738,0.7642820477485657,0.5265278220176697,0.7639489769935608,0.4913006126880646,0.9092937111854553,0.5224441885948181,0.907283365726471,0.49944478273391724,0.3986804783344269,0.5027993321418762
90,0.3160291612148285,0.47887882590293884,0.30314406752586365,0.49106690287590027,0.3046901524066925,0.47505566477775574,0.31551593542099,0.5142701268196106,,,0.4008016586303711,0.5447253584861755,0.3967073857784271,0.46015244722366333,0.41247519850730896,0.5928181409835815,0.39994120597839355,0.4068114161491394,0.3420242369174957,0.6059437990188599,0.3209379017353058,0.3999517858028412,0.6141764521598816,0.5294030904769897,0.613542914390564,0.4795563817024231,0.7639395594596863,0.5264158248901367,0.7637892961502075,0.4912998378276825,0.9087731242179871,0.5223312377929688,0.9068988561630249,0.4993121922016144,0.39861446619033813,0.5025604963302612
91,0.316485732793808,0.48100394010543823,0.30315226316452026,0.49268966913223267,0.30482620000839233,0.4753205478191376,0.3152727782726288,0.5138884782791138,0.3179672360420227,0.4678742587566376,0.4011872708797455,0.5438680648803711,0.3974332809448242,0.4588015079498291,0.4122898578643799,0.5926334261894226,0.39740675687789917,0.4065949618816376,0.33974403142929077,0.605534017086029,0.32442811131477356,0.4116975665092468,0.6141384243965149,0.528957188129425,0.6135860681533813,0.47932717204093933,0.764032781124115,0.5264219045639038,0.7639972567558289,0.4912184178829193,0.9088310599327087,0.5222793817520142,0.9069834351539612,0.4992799460887909,0.3990395665168762,0.5012187957763672
92,0.31826820969581604,0.48298710584640503,0.30496782064437866,0.49383091926574707,0.30570176243782043,0.47639623284339905,0.3160046935081482,0.5138919353485107,0.3169547915458679,0.4675970673561096,0.4029342532157898,0.5425795912742615,0.39719244837760925,0.4568728804588318,0.41240328550338745,0.5922680497169495,0.39224544167518616,0.4063906669616699,0.33963140845298767,0.605266273021698,0.33106565475463867,0.43448832631111145,0.6148117780685425,0.5286116003990173,0.6138625741004944,0.4787117838859558,0.7638780474662781,0.5262914896011353,0.7637891173362732,0.49058404564857483,0.9084956049919128,0.5224304795265198,0.9065775871276855,0.49923983216285706,0.3997860848903656,0.4996667206287384
93,0.3167307376861572,0.48109665513038635,0.3039502799510956,0.49226078391075134,0.30464309453964233,0.476642906665802,0.3155440390110016,0.513039231300354,0.3140724003314972,0.47020527720451355,0.40370044112205505,0.5425447821617126,0.39539453387260437,0.45515313744544983,0.41406872868537903,0.5921927094459534,0.38833409547805786,0.40563681721687317,0.3435525894165039,0.604266345500946,0.3483235836029053,0.43774309754371643,0.6139896512031555,0.5281148552894592,0.6134506464004517,0.478543221950531,0.7636118531227112,0.526086688041687,0.7634558081626892,0.48990902304649353,0.9089393019676208,0.5224435925483704,0.9066471457481384,0.4991524815559387,0.399181991815567,0.49890390038490295
94,0.31644320487976074,0.4797961115837097,0.30507540702819824,0.49131494760513306,0.3041839897632599,0.47628751397132874,0.3158763349056244,0.5125649571418762,0.3117230534553528,0.4707772135734558,0.40092402696609497,0.5421187281608582,0.38944211602211,0.4557824432849884,0.4144756495952606,0.5921041369438171,0.3842344284057617,0.4066072404384613,0.3446364998817444,0.6046451330184937,0.3605998158454895,0.4393986761569977,0.6124664545059204,0.52794349193573,0.6115299463272095,0.47885438799858093,0.7628213167190552,0.525924026966095,0.7624789476394653,0.48941150307655334,0.9087897539138794,0.5227866768836975,0.9067384600639343,0.499277263879776,0.39534538984298706,0.49885669350624084
95,0.3160700500011444,0.47873368859291077,0.3049299716949463,0.4905891418457031,0.3040826618671417,0.4752332866191864,0.3158998191356659,0.5123853087425232,,,0.3991923928260803,0.5416986346244812,0.3869505524635315,0.45549145340919495,0.41381973028182983,0.5920117497444153,0.3820929527282715,0.40738674998283386,0.3441752791404724,0.604966938495636,0.3524191081523895,0.43932798504829407,0.6119312047958374,0.5276463627815247,0.6105803847312927,0.4785584807395935,0.7629112601280212,0.5258626341819763,0.7623812556266785,0.4891282618045807,0.9087127447128296,0.5226809978485107,0.9063774943351746,0.4992375373840332,0.3927434980869293,0.4983428418636322
96,0.3166359066963196,0.47998836636543274,0.30553269386291504,0.49148574471473694,0.3044278621673584,0.47648707032203674,0.31630533933639526,0.5128434896469116,0.31120291352272034,0.47097355127334595,0.39930611848831177,0.5418076515197754,0.38750603795051575,0.45604845881462097,0.4142804741859436,0.5920547842979431,0.38188451528549194,0.40720251202583313,0.34527939558029175,0.6049152612686157,0.3492831289768219,0.4405558705329895,0.6124851107597351,0.5280476212501526,0.6112666130065918,0.4787467420101166,0.7633095979690552,0.5259227752685547,0.7628090977668762,0.48910728096961975,0.9086393117904663,0.5227379202842712,0.9064788818359375,0.4993099272251129,0.39363858103752136,0.49885037541389465
97,0.31577903032302856,0.4797976613044739,0.3045612871646881,0.4912438690662384,0.30380979180336,0.4761015474796295,0.31541457772254944,0.5128024220466614,0.31127431988716125,0.47058358788490295,0.40021952986717224,0.5428076982498169,0.3887440264225006,0.4572812616825104,0.41430386900901794,0.5927915573120117,0.3821657598018646,0.40698835253715515,0.3460846543312073,0.6048610806465149,0.34787121415138245,0.4413790702819824,0.6133922934532166,0.5283984541893005,0.6119532585144043,0.4791049063205719,0.7643843293190002,0.5259637236595154,0.7637849450111389,0.4888337552547455,0.9092216491699219,0.5227926969528198,0.906674325466156,0.4994070827960968,0.3947937786579132,0.5001316666603088
98,0.3154204189777374,0.4799359440803528,0.30372557044029236,0.4913351237773895,0.30356544256210327,0.4762198030948639,0.31517404317855835,0.5129087567329407,0.3112909495830536,0.47063708305358887,0.4001682698726654,0.5430185198783875,0.3893492817878723,0.45769527554512024,0.41493478417396545,0.5927746891975403,0.38294342160224915,0.40744179487228394,0.3466931879520416,0.604835033416748,0.348259836435318,0.44140625,0.613641083240509,0.5285806655883789,0.6121501922607422,0.4793187975883484,0.764765202999115,0.5260478854179382,0.7641502618789673,0.48876696825027466,0.9094343781471252,0.5229053497314453,0.9068347215652466,0.4995017647743225,0.3950600028038025,0.5004650354385376
99,0.3152761161327362,0.4798427224159241,0.3036269247531891,0.4913962483406067,0.30362391471862793,0.47612857818603516,0.3153860867023468,0.5131967067718506,,,0.400221586227417,0.5434087514877319,0.39196649193763733,0.45858708024024963,0.4148602783679962,0.593032717704773,0.3829202353954315,0.4077145457267761,0.34521597623825073,0.6055858731269836,0.3473372459411621,0.4413994252681732,0.6142628788948059,0.5287182927131653,0.6127594709396362,0.479505717754364,0.7649297714233398,0.5260292291641235,0.7643619775772095,0.48887166380882263,0.90953528881073,0.5229952931404114,0.9068898558616638,0.4997190535068512,0.39550918340682983,0.5010546445846558
100,0.31510886549949646,0.4800589680671692,0.3034646213054657,0.4915914535522461,0.30290573835372925,0.47648096084594727,0.31528446078300476,0.5133521556854248,,,0.4001266658306122,0.543552041053772,0.3921207785606384,0.4586624801158905,0.4151385426521301,0.5928691029548645,0.38339319825172424,0.40806499123573303,0.3454272747039795,0.6057608723640442,0.3486039936542511,0.44123271107673645,0.6143074035644531,0.5289080739021301,0.6127462983131409,0.4796450138092041,0.7649038434028625,0.5259841680526733,0.7642871737480164,0.4889202117919922,0.9092785716056824,0.5228665471076965,0.9067967534065247,0.49952492117881775,0.39556699991226196,0.5011170506477356
101,0.31465157866477966,0.4797004759311676,0.3030173182487488,0.49126380681991577,0.3026021122932434,0.4761682152748108,0.31496384739875793,0.5131456255912781,,,0.40015238523483276,0.5436995625495911,0.39291760325431824,0.459016889333725,0.4153200089931488,0.5933241844177246,0.38474583625793457,0.4087691307067871,0.3445257544517517,0.606336772441864,0.3503100872039795,0.44135138392448425,0.6142234802246094,0.5291488766670227,0.6127653121948242,0.47997337579727173,0.7650414705276489,0.5259143114089966,0.7644110918045044,0.4887421727180481,0.9097840189933777,0.522972047328949,0.9069842100143433,0.49976497888565063,0.39600008726119995,0.5012325048446655
102,0.31453588604927063,0.47969716787338257,0.30295953154563904,0.4912855625152588,0.30256012082099915,0.47622689604759216,0.31506580114364624,0.5131942629814148,,,0.4002886414527893,0.5437885522842407,0.3933909833431244,0.4590804874897003,0.4152710735797882,0.5932503938674927,0.38596779108047485,0.4089983403682709,0.3450930416584015,0.6061164140701294,0.35093599557876587,0.44153597950935364,0.6141778826713562,0.529221773147583,0.6127931475639343,0.4801502227783203,0.7648975253105164,0.5257567167282104,0.7643429040908813,0.48874711990356445,0.9096686244010925,0.5228970646858215,0.9069791436195374,0.4998622238636017,0.3962381184101105,0.5013255476951599
103,0.3147188127040863,0.4795994460582733,0.3031040132045746,0.4912087619304657,0.30274978280067444,0.4760611951351166,0.31520596146583557,0.5130815505981445,,,0.4003176689147949,0.5437578558921814,0.3938367962837219,0.4591519236564636,0.415485143661499,0.5932469964027405,0.3867299556732178,0.4091305136680603,0.34478506445884705,0.606440007686615,0.35190731287002563,0.4415821135044098,0.613871157169342,0.5293769240379333,0.6126681566238403,0.4803222715854645,0.7646437287330627,0.5259066820144653,0.7641741633415222,0.48881885409355164,0.9096609950065613,0.5230816006660461,0.9069045782089233,0.4999104142189026,0.39650896191596985,0.5013434290885925
104,0.31487300992012024,0.47965699434280396,0.3032085597515106,0.49124106764793396,0.30350261926651,0.4761073589324951,0.3152826428413391,0.5131543278694153,,,0.40046408772468567,0.5439225435256958,0.39421749114990234,0.4593770503997803,0.4152393341064453,0.593094527721405,0.387130469083786,0.40916141867637634,0.34507036209106445,0.6062418818473816,0.3519722521305084,0.4418638050556183,0.6141273379325867,0.5294727683067322,0.6129416227340698,0.4804081320762634,0.7647241950035095,0.5259076952934265,0.7643024325370789,0.48890218138694763,0.9095665812492371,0.5230430364608765,0.9068396687507629,0.49978113174438477,0.39677897095680237,0.5015527606010437
105,0.3154299855232239,0.47999975085258484,0.3035828471183777,0.4915488362312317,0.3039385974407196,0.4763609766960144,0.3154905140399933,0.5133536458015442,,,0.4004787802696228,0.5439757704734802,0.39468029141426086,0.45940953493118286,0.41487202048301697,0.5928855538368225,0.38768500089645386,0.4092284142971039,0.3453230559825897,0.6058253645896912,0.35213804244995117,0.44202718138694763,0.6144643425941467,0.529719889163971,0.6133545637130737,0.4805232584476471,0.7650241851806641,0.5259519815444946,0.7646889090538025,0.48880669474601746,0.909665048122406,0.5230669379234314,0.9068191647529602,0.49970677495002747,0.3969564437866211,0.5016258358955383
106,0.3155399262905121,0.48016342520713806,0.3036264479160309,0.49166008830070496,0.30410876870155334,0.4764058291912079,0.31542477011680603,0.5133069157600403,,,0.40047386288642883,0.5439261794090271,0.3951546251773834,0.4593797028064728,0.4149942696094513,0.5930810570716858,0.3882989287376404,0.40912193059921265,0.3459663987159729,0.6053963899612427,0.352829247713089,0.4421693682670593,0.6140874624252319,0.5295454859733582,0.6129693984985352,0.4804277718067169,0.7644818425178528,0.5260232090950012,0.7640448808670044,0.48892930150032043,0.9093768000602722,0.5229059457778931,0.9066281914710999,0.499525785446167,0.3971804082393646,0.5016034841537476
107,0.31537002325057983,0.48014315962791443,0.3035590350627899,0.49164730310440063,0.3038904666900635,0.4764743149280548,0.31535857915878296,0.5131843686103821,,,0.40024569630622864,0.5436659455299377,0.3951475918292999,0.4593784809112549,0.41492944955825806,0.5929775238037109,0.38846975564956665,0.4094814956188202,0.34701842069625854,0.6051098108291626,0.35320720076560974,0.4419955611228943,0.6137209534645081,0.5293731093406677,0.6128138899803162,0.4804528057575226,0.7645544409751892,0.5260316133499146,0.76414954662323,0.4890349209308624,0.9091734886169434,0.5228705406188965,0.9063822627067566,0.49933427572250366,0.3970281183719635,0.5014247298240662
108,0.3153055012226105,0.47983741760253906,0.3035174310207367,0.49138379096984863,0.30382946133613586,0.47622862458229065,0.31532207131385803,0.5130738615989685,,,0.40024662017822266,0.5439179539680481,0.39526471495628357,0.45930472016334534,0.41434618830680847,0.5928564071655273,0.38885927200317383,0.40924614667892456,0.3469204306602478,0.604819118976593,0.35931649804115295,0.44158583879470825,0.6137638092041016,0.5294439792633057,0.6127413511276245,0.4805063307285309,0.7644246816635132,0.526067316532135,0.7639256119728088,0.48919132351875305,0.9093195796012878,0.5228288173675537,0.9064971208572388,0.4994511008262634,0.39708492159843445,0.5015288591384888
109,0.3159671723842621,0.47993630170822144,0.304490864276886,0.49145153164863586,0.30440816283226013,0.47617146372795105,0.315507173538208,0.5131260752677917,,,0.40047091245651245,0.5442669987678528,0.3953290581703186,0.45933476090431213,0.41413095593452454,0.5928859114646912,0.38943052291870117,0.40886789560317993,0.34816983342170715,0.6042847037315369,0.3589670956134796,0.44216910004615784,0.6144619584083557,0.5296270251274109,0.6132907867431641,0.480539470911026,0.7647733688354492,0.5260513424873352,0.7641614079475403,0.48916879296302795,0.9094552993774414,0.5226802229881287,0.906454861164093,0.49945005774497986,0.3971819281578064,0.5017750859260559
110,0.31617218255996704,0.4801153838634491,0.3046889305114746,0.4916055500507355,0.3046015799045563,0.47631219029426575,0.3156302571296692,0.5130982995033264,,,0.40068626403808594,0.5439888834953308,0.395600825548172,0.45916953682899475,0.4136510193347931,0.5926961898803711,0.3898901641368866,0.4082196056842804,0.3476373553276062,0.6044737100601196,0.35948053002357483,0.442353755235672,0.6146818399429321,0.5295150876045227,0.6135919690132141,0.4806046485900879,0.7648362517356873,0.5260006189346313,0.7643076181411743,0.4892524182796478,0.9094744920730591,0.5226699113845825,0.9064942002296448,0.49943169951438904,0.39738985896110535,0.5015935301780701
111,0.3157820701599121,0.4800770878791809,0.3038903772830963,0.49156326055526733,0.3041853904724121,0.47631198167800903,0.3153110146522522,0.5131261944770813,,,0.4003130793571472,0.5439926981925964,0.394849568605423,0.45894208550453186,0.4135151505470276,0.5926772952079773,0.3901759088039398,0.4077933430671692,0.34798455238342285,0.6043704748153687,0.35912275314331055,0.44282251596450806,0.6145943999290466,0.5295578241348267,0.613477349281311,0.4805954098701477,0.7647839784622192,0.5260620713233948,0.7642280459403992,0.48920735716819763,0.9096245169639587,0.5226268172264099,0.9066134691238403,0.4994325637817383,0.39676475524902344,0.5014540553092957
112,0.3162972331047058,0.48045969009399414,0.30479881167411804,0.49187901616096497,0.3046256899833679,0.47658681869506836,0.3155810236930847,0.5131698846817017,0.3137248456478119,0.4710230529308319,0.4004814922809601,0.5438584089279175,0.39495331048965454,0.4587424099445343,0.4135083258152008,0.5923552513122559,0.3906976282596588,0.40757179260253906,0.34781405329704285,0.6040683388710022,0.3591846823692322,0.4431236684322357,0.6146190762519836,0.529539942741394,0.6134747862815857,0.48067814111709595,0.7648235559463501,0.5260588526725769,0.7642784714698792,0.4893350601196289,0.9098241925239563,0.5227323770523071,0.9066735506057739,0.4995355010032654,0.39690396189689636,0.5013483762741089
113,0.31619682908058167,0.4805760681629181,0.3047304153442383,0.4919798672199249,0.30454301834106445,0.4767065942287445,0.3154950737953186,0.5131145715713501,0.31355828046798706,0.47108960151672363,0.4005433917045593,0.5437539219856262,0.39475688338279724,0.45875054597854614,0.41358518600463867,0.5922859907150269,0.39073628187179565,0.40750882029533386,0.34786900877952576,0.6041103005409241,0.3591782748699188,0.4432216286659241,0.6145855784416199,0.5295132398605347,0.6134509444236755,0.4807482361793518,0.7648411393165588,0.5259987711906433,0.7641860842704773,0.48934510350227356,0.9098416566848755,0.5226967930793762,0.9065075516700745,0.49947047233581543,0.3967960476875305,0.5012873411178589
114,0.31608209013938904,0.4808070957660675,0.3046213686466217,0.4922170341014862,0.3045022487640381,0.47692248225212097,0.31554123759269714,0.5131167769432068,0.3137100040912628,0.4711913466453552,0.40106433629989624,0.5435799360275269,0.3947954773902893,0.4584154188632965,0.41372036933898926,0.5920348167419434,0.39100131392478943,0.4071255624294281,0.34810882806777954,0.6041110754013062,0.3590708076953888,0.44334885478019714,0.6146601438522339,0.529463529586792,0.613608181476593,0.48065468668937683,0.7648369669914246,0.5260836482048035,0.764241635799408,0.48940685391426086,0.9100180268287659,0.5226507186889648,0.9066658020019531,0.4995279312133789,0.3970394432544708,0.5010825395584106
115,0.31587332487106323,0.4808948338031769,0.3044572174549103,0.4922824800014496,0.3041747510433197,0.477095365524292,0.3153495490550995,0.5131326913833618,0.31314900517463684,0.47140273451805115,0.40099623799324036,0.5435067415237427,0.39445871114730835,0.4581907093524933,0.41404715180397034,0.5918015241622925,0.3911825120449066,0.40706372261047363,0.3486814498901367,0.6037343144416809,0.35956141352653503,0.4437754154205322,0.6145777702331543,0.5293921828269958,0.6134805083274841,0.48058757185935974,0.7645816802978516,0.5261412262916565,0.7639385461807251,0.48946067690849304,0.909875750541687,0.5226001143455505,0.9066489338874817,0.4994790852069855,0.3968753516674042,0.5009057521820068
116,0.3159348964691162,0.48095133900642395,0.3044929802417755,0.4923593997955322,0.3042011260986328,0.4771064221858978,0.3153986930847168,0.5131876468658447,0.31318607926368713,0.4713612496852875,0.40107759833335876,0.5434667468070984,0.3946942389011383,0.4582882821559906,0.414255827665329,0.5917351841926575,0.3914719223976135,0.4068607687950134,0.34876590967178345,0.6038355231285095,0.3593890070915222,0.44378501176834106,0.6146756410598755,0.5293726325035095,0.6136723756790161,0.48064571619033813,0.76474529504776,0.5260429978370667,0.7641077041625977,0.4894845187664032,0.9099717140197754,0.5226040482521057,0.9066929817199707,0.49951741099357605,0.39701780676841736,0.500928521156311
117,0.3159812390804291,0.48115214705467224,0.30453187227249146,0.49258652329444885,0.3041909337043762,0.4773268699645996,0.3155249059200287,0.5133922696113586,0.31328362226486206,0.4715820848941803,0.40150579810142517,0.543353259563446,0.39461585879325867,0.45796895027160645,0.41408851742744446,0.5915292501449585,0.39250272512435913,0.40706267952919006,0.34865596890449524,0.6039463877677917,0.3592100441455841,0.4440186619758606,0.6146971583366394,0.5293838381767273,0.613807737827301,0.4805334210395813,0.764555811882019,0.5260650515556335,0.7640347480773926,0.4895760118961334,0.9095514416694641,0.5224384665489197,0.9061306118965149,0.49948495626449585,0.39725422859191895,0.5007327795028687
118,0.3142795264720917,0.48079657554626465,0.30264005064964294,0.4923243820667267,0.3022342026233673,0.4771302342414856,0.3148244023323059,0.5132893919944763,0.3126227557659149,0.4714009463787079,0.4014647603034973,0.5433362126350403,0.3946714997291565,0.457842081785202,0.4145359694957733,0.5915414094924927,0.3941819369792938,0.4073169529438019,0.3485422432422638,0.6038134694099426,0.3592381477355957,0.44356226921081543,0.6144046187400818,0.5293417572975159,0.6135042309761047,0.480562686920166,0.7644557952880859,0.5260691046714783,0.7639617323875427,0.4897092878818512,0.9094807505607605,0.522254467010498,0.9061978459358215,0.49939432740211487,0.39738160371780396,0.5006137490272522
119,0.3127216398715973,0.48257073760032654,0.3009650409221649,0.4937518537044525,0.3009468913078308,0.47823718190193176,0.3138400912284851,0.5142292380332947,0.3127771019935608,0.47225338220596313,0.4024510383605957,0.5438942313194275,0.39584261178970337,0.4582865536212921,0.41510993242263794,0.5915027856826782,0.3957346975803375,0.40703943371772766,0.34927839040756226,0.6033419966697693,0.35140880942344666,0.4433250427246094,0.6145520806312561,0.529599130153656,0.6135340929031372,0.48049765825271606,0.7643082737922668,0.5262708067893982,0.7638476490974426,0.4901176393032074,0.9094352126121521,0.5221154689788818,0.9061765670776367,0.49941596388816833,0.3985613286495209,0.5011776685714722
